停车位ID,用户ID,评分
102,1,5.0
66,1,5.0
130,1,4.5
119,1,2.9
161,1,3.3
86,1,5.0
85,1,5.0
148,1,5.0
99,1,5.0
196,1,5.0
125,1,3.7
163,1,4.8
164,1,2.2
150,1,4.6
158,1,5.0
61,1,3.4
179,1,5.0
127,1,5.0
159,1,2.1
78,1,2.3
42,1,5.0
69,1,5.0
41,1,5.0
49,1,3.8
131,1,5.0
53,1,5.0
168,1,5.0
111,1,5.0
143,2,4.8
169,2,5.0
185,2,4.7
181,2,5.0
200,2,5.0
19,2,5.0
85,2,5.0
123,2,5.0
113,2,5.0
179,2,5.0
121,2,5.0
198,2,3.0
52,2,5.0
34,2,3.0
77,2,5.0
71,2,2.9
16,2,4.8
13,2,4.7
90,2,5.0
137,2,5.0
164,2,5.0
83,2,5.0
54,2,3.8
153,2,5.0
190,2,5.0
107,2,2.7
129,2,5.0
173,2,5.0
190,3,3.8
40,3,5.0
58,3,4.8
177,3,3.0
38,3,3.2
200,3,5.0
163,3,3.3
79,3,4.8
100,3,5.0
113,3,4.2
103,3,5.0
16,3,3.1
115,3,3.9
20,3,3.1
155,3,4.3
62,3,5.0
29,3,4.6
164,3,5.0
5,3,3.6
67,3,5.0
64,3,3.7
142,3,5.0
137,3,5.0
130,3,5.0
30,3,3.1
6,3,3.4
132,3,2.6
180,3,4.5
61,4,2.4
116,4,3.2
192,4,5.0
59,4,3.7
24,4,3.3
146,4,5.0
169,4,5.0
85,4,5.0
3,4,5.0
103,4,4.6
37,4,3.1
112,4,5.0
46,4,4.4
102,4,4.5
76,4,5.0
183,4,5.0
133,4,5.0
195,4,5.0
140,4,3.7
74,4,5.0
19,4,5.0
70,4,4.9
69,4,5.0
174,4,5.0
15,4,5.0
164,4,5.0
30,4,4.2
22,4,2.9
8,5,4.6
63,5,5.0
133,5,3.5
35,5,5.0
182,5,5.0
160,5,4.6
161,5,1.0
47,5,5.0
148,5,5.0
76,5,5.0
199,5,4.2
194,5,3.3
138,5,5.0
192,5,3.8
1,5,5.0
68,5,4.9
80,5,4.4
40,5,3.9
52,5,4.7
117,5,4.4
73,5,4.1
154,5,3.8
164,5,3.9
127,5,5.0
143,5,2.7
170,5,4.4
101,5,5.0
93,6,2.8
73,6,5.0
155,6,5.0
83,6,4.1
10,6,2.9
56,6,5.0
75,6,3.5
95,6,5.0
45,6,4.2
196,6,5.0
182,6,5.0
84,6,5.0
114,6,4.6
145,6,5.0
77,6,5.0
136,6,3.1
78,6,4.5
171,6,3.2
94,6,5.0
193,6,4.0
171,7,5.0
155,7,3.1
187,7,3.4
94,7,1.5
195,7,2.6
59,7,5.0
37,7,5.0
132,7,1.3
125,7,5.0
152,7,4.8
43,7,4.9
109,7,5.0
144,7,5.0
56,7,5.0
166,7,3.4
179,7,1.5
31,7,3.6
60,7,4.9
5,7,3.2
49,7,4.0
97,7,5.0
32,7,4.9
10,7,2.5
82,7,4.7
114,7,5.0
160,7,3.6
90,8,5.0
92,8,2.9
58,8,5.0
199,8,2.5
200,8,4.1
70,8,5.0
76,8,5.0
147,8,4.8
66,8,5.0
89,8,5.0
14,8,5.0
103,8,4.9
182,8,5.0
78,8,4.3
9,8,5.0
134,8,4.5
25,8,4.2
150,8,3.8
85,8,5.0
80,8,5.0
141,8,5.0
186,8,4.5
151,8,5.0
33,8,3.9
60,8,3.9
72,8,3.1
43,8,5.0
16,8,5.0
115,8,1.9
129,8,5.0
135,9,5.0
113,9,5.0
177,9,1.0
20,9,5.0
40,9,5.0
71,9,4.8
172,9,4.6
138,9,5.0
97,9,5.0
183,9,5.0
169,9,3.9
63,9,4.6
62,9,5.0
125,9,3.8
146,9,4.8
5,9,5.0
132,9,2.6
152,9,2.3
155,9,4.6
94,9,5.0
46,9,2.9
60,10,4.9
31,10,3.0
116,10,5.0
144,10,3.7
115,10,2.6
12,10,4.8
24,10,3.6
123,10,2.7
40,10,4.6
154,10,5.0
128,10,3.1
53,10,5.0
91,10,5.0
136,10,4.0
2,10,2.8
97,10,4.8
73,10,5.0
139,10,5.0
149,10,5.0
141,10,3.8
180,10,1.0
168,10,5.0
200,10,5.0
23,10,5.0
125,10,5.0
63,10,5.0
154,11,5.0
119,11,5.0
116,11,5.0
105,11,5.0
146,11,5.0
144,11,5.0
176,11,5.0
198,11,3.1
37,11,5.0
94,11,3.1
185,11,3.9
21,11,5.0
125,11,4.4
114,11,3.9
121,11,5.0
189,11,5.0
183,11,5.0
110,11,2.4
75,11,5.0
98,11,3.7
160,11,5.0
158,11,5.0
82,11,5.0
26,11,3.4
99,11,2.2
146,12,5.0
87,12,4.8
31,12,5.0
10,12,2.3
133,12,4.8
199,12,3.9
70,12,2.2
64,12,2.4
126,12,4.6
189,12,3.5
99,12,3.5
112,12,3.6
103,12,4.7
178,12,5.0
124,12,5.0
104,12,1.6
191,12,5.0
180,12,5.0
165,12,1.2
26,12,5.0
20,12,5.0
14,12,3.7
13,12,2.3
161,12,5.0
152,12,5.0
168,12,5.0
170,12,5.0
141,12,4.9
134,12,3.3
30,12,4.2
78,12,2.8
44,12,5.0
174,13,3.0
37,13,5.0
130,13,5.0
14,13,5.0
34,13,2.9
100,13,2.6
180,13,3.2
115,13,4.3
192,13,5.0
181,13,3.5
191,13,5.0
68,13,4.8
199,13,2.0
89,13,2.1
19,13,3.2
78,13,3.0
46,13,4.6
41,13,5.0
111,13,5.0
35,13,3.9
72,13,5.0
173,13,5.0
70,13,5.0
55,13,3.7
5,13,5.0
141,13,5.0
163,14,2.4
191,14,5.0
195,14,4.9
106,14,4.5
105,14,4.3
82,14,3.4
173,14,3.6
184,14,4.9
67,14,5.0
5,14,4.7
63,14,5.0
85,14,5.0
86,14,4.4
77,14,5.0
69,14,5.0
145,14,1.6
160,14,5.0
102,14,3.9
30,14,5.0
81,14,5.0
126,14,2.4
135,14,1.9
111,14,5.0
6,14,4.9
173,15,1.7
7,15,5.0
87,15,5.0
91,15,4.4
51,15,5.0
18,15,5.0
158,15,5.0
184,15,2.7
92,15,3.6
192,15,4.5
76,15,4.5
67,15,3.7
33,15,5.0
139,15,5.0
29,15,5.0
93,15,4.6
168,15,4.1
101,15,3.8
79,15,4.8
46,15,5.0
122,15,3.5
89,15,5.0
120,15,5.0
47,15,2.5
169,15,3.7
74,15,4.8
22,15,5.0
78,15,4.8
131,15,2.9
84,15,5.0
194,15,2.6
39,15,5.0
73,15,4.7
71,15,3.9
199,15,5.0
162,15,2.5
97,15,2.8
195,15,4.1
62,15,5.0
174,16,5.0
1,16,5.0
130,16,4.8
188,16,3.2
155,16,2.5
89,16,4.2
29,16,3.5
51,16,3.3
79,16,4.1
116,16,4.4
199,16,3.9
118,16,3.4
85,16,3.4
187,16,4.2
127,16,5.0
52,16,2.3
83,16,5.0
142,16,5.0
177,16,3.8
16,16,5.0
179,16,5.0
88,16,5.0
36,16,3.2
64,16,3.5
2,16,5.0
114,16,4.8
171,16,5.0
7,16,5.0
167,16,3.1
156,16,1.1
87,16,5.0
21,16,4.6
181,17,2.0
146,17,4.5
59,17,5.0
149,17,5.0
11,17,4.2
99,17,2.8
179,17,5.0
72,17,1.6
140,17,5.0
55,17,4.5
52,17,5.0
115,17,3.1
23,17,4.2
7,17,2.3
76,17,3.2
35,17,4.9
8,17,2.0
193,17,4.1
174,17,1.2
33,17,3.8
194,17,5.0
3,17,4.6
166,17,5.0
122,18,5.0
176,18,4.9
48,18,3.8
71,18,5.0
3,18,3.5
84,18,4.6
168,18,4.2
159,18,5.0
193,18,5.0
162,18,2.5
101,18,4.4
187,18,4.8
85,18,4.8
135,18,5.0
15,18,5.0
95,18,2.5
5,18,5.0
55,18,4.6
44,18,5.0
196,18,5.0
103,19,5.0
172,19,1.9
115,19,3.8
189,19,2.3
116,19,5.0
54,19,3.0
17,19,3.1
5,19,4.4
117,19,5.0
36,19,3.8
175,19,3.8
4,19,3.2
2,19,4.4
120,19,4.1
143,19,3.0
3,19,5.0
199,19,1.7
41,19,4.9
108,19,1.8
138,19,5.0
139,19,3.7
31,19,5.0
7,19,3.7
185,19,5.0
64,19,5.0
149,19,3.2
118,19,2.9
128,19,3.8
11,19,5.0
101,19,5.0
30,19,3.8
195,19,3.3
58,19,1.7
90,19,5.0
182,19,5.0
71,20,5.0
19,20,4.9
33,20,5.0
133,20,3.6
148,20,5.0
44,20,5.0
169,20,4.9
90,20,5.0
150,20,2.8
43,20,4.9
136,20,4.3
152,20,3.6
200,20,4.7
157,20,3.8
107,20,3.6
92,20,1.4
127,20,5.0
171,20,4.8
129,20,1.8
41,20,5.0
140,20,5.0
87,20,4.7
50,20,3.1
174,20,4.8
159,20,4.5
137,21,5.0
115,21,5.0
3,21,5.0
8,21,5.0
85,21,1.2
150,21,5.0
25,21,5.0
50,21,5.0
197,21,4.5
5,21,5.0
131,21,5.0
11,21,5.0
33,21,4.5
142,21,5.0
48,21,5.0
164,21,5.0
95,21,5.0
91,21,3.3
94,21,1.9
108,21,4.6
145,21,5.0
74,21,5.0
153,21,5.0
122,21,5.0
103,21,5.0
104,22,4.6
4,22,3.8
124,22,5.0
69,22,5.0
31,22,3.6
37,22,5.0
102,22,5.0
184,22,5.0
59,22,3.8
53,22,4.7
122,22,5.0
115,22,1.9
140,22,5.0
39,22,5.0
106,22,3.8
95,22,3.5
66,22,5.0
126,22,3.8
5,22,5.0
11,22,5.0
161,22,5.0
32,22,5.0
38,22,5.0
200,22,4.1
181,22,5.0
111,22,5.0
8,22,5.0
191,22,3.0
65,22,5.0
35,22,2.1
27,22,5.0
83,22,3.7
77,22,5.0
156,22,2.5
189,22,1.2
86,22,4.0
22,23,4.0
56,23,5.0
198,23,2.5
185,23,3.7
193,23,5.0
97,23,5.0
78,23,4.7
92,23,5.0
174,23,5.0
17,23,5.0
128,23,5.0
130,23,2.4
146,23,2.8
187,23,5.0
109,23,3.3
62,23,3.2
184,23,3.9
176,23,3.8
180,23,3.7
71,23,4.5
1,23,5.0
69,23,5.0
118,23,5.0
6,23,2.3
46,23,5.0
67,23,5.0
14,23,4.1
106,23,3.9
47,23,5.0
93,23,4.6
177,23,4.2
161,24,1.8
32,24,4.7
112,24,5.0
131,24,5.0
74,24,5.0
141,24,2.8
197,24,5.0
8,24,4.3
157,24,3.1
119,24,5.0
115,24,5.0
176,24,5.0
31,24,3.2
121,24,5.0
35,24,5.0
72,24,5.0
104,24,5.0
82,24,5.0
83,24,4.0
13,24,3.7
172,24,4.2
22,24,3.3
33,24,3.7
26,24,4.4
126,24,3.3
15,24,4.6
169,24,5.0
177,24,4.1
23,24,5.0
94,24,5.0
11,24,5.0
178,24,5.0
48,24,4.9
98,24,3.8
51,24,5.0
137,24,5.0
181,25,1.4
59,25,5.0
36,25,5.0
200,25,5.0
94,25,4.0
8,25,5.0
196,25,3.9
91,25,4.4
139,25,5.0
60,25,5.0
95,25,4.9
153,25,5.0
62,25,4.5
14,25,4.7
124,25,4.3
73,25,5.0
105,25,5.0
166,25,3.1
167,25,5.0
150,25,4.5
1,25,4.0
193,26,4.9
44,26,4.8
185,26,5.0
170,26,2.4
96,26,1.6
152,26,2.6
142,26,5.0
119,26,3.5
60,26,5.0
197,26,4.0
172,26,3.4
98,26,5.0
78,26,3.8
127,26,4.5
113,26,5.0
38,26,5.0
147,26,3.3
140,26,5.0
167,26,5.0
17,26,3.6
23,26,5.0
56,26,5.0
173,26,5.0
63,26,2.6
34,26,5.0
194,26,2.5
192,26,4.3
200,26,5.0
57,26,4.2
196,26,3.6
40,26,5.0
114,26,5.0
18,26,4.9
51,26,5.0
59,27,4.7
161,27,3.3
183,27,4.3
144,27,4.0
63,27,4.7
196,27,2.6
1,27,5.0
194,27,5.0
151,27,4.6
134,27,5.0
150,27,5.0
122,27,4.5
86,27,3.1
167,27,3.3
4,27,4.6
36,27,4.1
169,27,5.0
107,27,5.0
158,27,5.0
78,27,4.4
157,27,2.6
76,27,4.9
54,27,4.3
37,27,3.5
61,27,5.0
66,27,5.0
149,27,3.0
168,27,3.4
88,27,3.9
119,27,5.0
34,27,5.0
71,28,4.1
143,28,4.4
37,28,5.0
44,28,1.8
164,28,4.5
172,28,4.0
75,28,3.8
88,28,5.0
52,28,3.2
59,28,3.5
42,28,4.1
126,28,4.7
45,28,4.5
134,28,5.0
156,28,4.5
46,28,1.6
106,28,3.6
157,28,3.2
65,28,5.0
151,28,1.0
8,28,5.0
189,28,4.5
184,28,5.0
10,28,5.0
35,29,5.0
99,29,5.0
16,29,5.0
104,29,4.6
89,29,5.0
56,29,4.8
130,29,5.0
59,29,3.1
31,29,3.9
13,29,1.4
158,29,5.0
189,29,4.1
112,29,3.9
36,29,2.8
14,29,5.0
54,29,4.0
194,29,3.7
191,29,5.0
175,29,3.7
159,29,5.0
85,29,3.2
46,29,4.4
139,29,5.0
133,29,5.0
74,29,5.0
186,29,3.2
1,30,2.3
105,30,5.0
182,30,4.9
45,30,2.8
121,30,2.6
65,30,5.0
13,30,5.0
168,30,3.3
26,30,2.4
84,30,4.9
21,30,3.3
153,30,4.7
88,30,5.0
96,30,4.1
198,30,3.5
63,30,5.0
29,30,5.0
72,30,4.0
162,30,4.6
2,30,5.0
15,30,5.0
74,30,5.0
24,30,5.0
147,30,5.0
134,30,4.0
57,30,4.5
136,30,3.7
4,30,5.0
137,30,4.3
32,30,4.6
138,30,5.0
125,30,4.5
116,30,5.0
108,31,5.0
45,31,5.0
137,31,5.0
59,31,4.1
116,31,1.1
69,31,5.0
140,31,5.0
83,31,2.8
29,31,5.0
62,31,3.8
181,31,4.5
21,31,5.0
142,31,3.2
109,31,3.0
161,31,5.0
150,31,4.5
191,31,5.0
122,31,3.0
155,31,1.9
174,31,2.8
173,31,3.5
35,31,3.1
32,31,5.0
1,31,5.0
47,31,4.1
5,31,3.5
54,31,3.2
171,31,3.3
189,31,1.0
200,31,5.0
67,32,5.0
75,32,5.0
57,32,2.4
38,32,5.0
53,32,2.4
166,32,4.1
117,32,5.0
177,32,4.1
44,32,3.4
147,32,4.7
112,32,2.4
153,32,5.0
194,32,4.6
124,32,5.0
26,32,4.1
86,32,3.9
143,32,2.4
103,32,5.0
24,32,3.8
63,32,5.0
170,32,3.8
76,32,1.4
46,32,4.0
83,32,2.7
27,32,5.0
99,32,2.6
18,32,5.0
45,32,4.6
47,32,5.0
94,32,5.0
128,32,5.0
97,32,4.9
108,32,3.3
19,32,2.8
95,32,4.2
52,32,3.3
40,32,5.0
31,33,4.2
135,33,5.0
90,33,2.6
104,33,4.1
177,33,4.0
80,33,5.0
32,33,5.0
42,33,3.4
200,33,5.0
101,33,5.0
24,33,4.6
189,33,3.2
85,33,2.1
40,33,4.8
69,33,2.1
120,33,5.0
194,33,5.0
98,33,1.3
173,33,5.0
115,33,4.2
87,33,5.0
34,33,3.9
80,34,3.3
169,34,4.6
66,34,5.0
150,34,4.7
192,34,4.3
14,34,3.6
173,34,4.8
47,34,5.0
153,34,5.0
100,34,5.0
198,34,4.1
55,34,5.0
123,34,5.0
149,34,5.0
115,34,1.8
49,34,5.0
148,34,4.0
50,34,2.9
87,34,4.7
132,34,2.4
131,34,5.0
5,34,5.0
158,34,5.0
176,34,5.0
102,34,2.6
140,34,3.9
7,34,4.5
114,34,5.0
1,34,4.4
180,34,5.0
129,34,5.0
139,34,3.0
60,34,4.3
8,34,5.0
111,35,3.6
119,35,3.9
20,35,4.9
95,35,5.0
78,35,2.7
117,35,5.0
5,35,1.4
90,35,5.0
10,35,1.8
66,35,4.8
82,35,5.0
106,35,4.1
79,35,4.5
187,35,4.2
70,35,5.0
71,35,4.8
6,35,3.1
166,35,5.0
47,35,3.7
100,35,5.0
29,35,4.8
62,35,3.2
168,35,5.0
121,35,5.0
177,35,2.1
81,36,5.0
57,36,4.3
15,36,3.8
182,36,5.0
163,36,5.0
106,36,3.8
84,36,5.0
83,36,5.0
70,36,3.0
28,36,5.0
5,36,5.0
58,36,5.0
154,36,5.0
159,36,2.4
192,36,5.0
156,36,1.9
115,36,3.0
164,36,3.5
175,36,3.3
10,36,2.7
127,36,4.6
188,36,5.0
148,36,4.0
59,36,2.3
137,36,5.0
68,36,3.4
43,36,4.6
6,36,5.0
63,36,4.7
177,36,5.0
40,36,5.0
159,37,2.9
119,37,5.0
191,37,4.8
99,37,3.2
58,37,3.0
157,37,5.0
44,37,3.8
172,37,4.8
79,37,5.0
149,37,4.0
193,37,4.6
126,37,3.7
156,37,4.7
13,37,5.0
42,37,3.7
139,37,5.0
171,37,4.4
20,37,3.0
132,37,4.1
18,37,5.0
108,37,3.2
104,37,3.5
196,37,3.6
116,37,5.0
85,37,5.0
176,37,5.0
52,37,2.8
163,37,4.8
34,37,2.4
121,37,5.0
71,37,5.0
199,37,1.8
35,37,2.9
25,37,5.0
200,37,4.8
154,37,5.0
64,37,4.3
199,38,1.0
22,38,3.4
50,38,1.4
170,38,4.1
59,38,4.0
70,38,5.0
143,38,2.2
151,38,5.0
172,38,5.0
66,38,5.0
147,38,5.0
69,38,5.0
63,38,4.6
34,38,5.0
91,38,2.7
165,38,3.2
106,38,5.0
94,38,5.0
39,38,4.4
5,38,2.7
75,38,3.9
74,38,5.0
103,39,5.0
158,39,4.1
149,39,5.0
40,39,5.0
45,39,5.0
178,39,4.2
13,39,3.1
196,39,5.0
24,39,5.0
8,39,4.8
44,39,5.0
124,39,5.0
153,39,4.8
37,39,4.1
170,39,5.0
119,39,5.0
189,39,3.1
90,39,5.0
89,39,2.5
64,39,4.7
67,39,3.5
69,39,2.9
27,39,4.8
151,39,5.0
150,39,3.7
182,39,3.1
172,39,5.0
20,39,5.0
38,39,5.0
5,39,5.0
166,39,5.0
154,39,4.5
143,39,4.4
94,39,4.1
179,39,5.0
140,39,4.6
81,39,3.8
30,39,5.0
159,39,4.7
89,40,3.7
137,40,5.0
133,40,4.8
170,40,3.1
190,40,4.6
145,40,4.4
51,40,3.1
84,40,5.0
184,40,4.3
60,40,2.4
189,40,5.0
23,40,4.1
159,40,3.3
75,40,2.3
49,40,5.0
82,40,2.5
43,40,4.8
158,40,5.0
28,40,5.0
139,40,5.0
10,40,1.0
65,40,3.5
104,40,5.0
64,40,3.3
68,40,5.0
138,40,5.0
144,40,5.0
177,40,2.2
94,40,5.0
147,40,5.0
127,40,4.9
151,40,5.0
173,40,5.0
187,40,3.5
186,41,3.7
118,41,5.0
23,41,5.0
100,41,5.0
114,41,3.7
10,41,1.0
19,41,4.9
116,41,2.3
138,41,2.5
46,41,3.4
30,41,3.3
41,41,3.6
165,41,5.0
170,41,3.6
43,41,4.4
75,41,5.0
83,41,3.4
197,41,3.8
166,41,5.0
145,41,1.8
183,41,1.0
189,41,4.2
49,41,4.9
161,41,5.0
102,41,5.0
139,41,5.0
14,42,3.4
63,42,5.0
106,42,5.0
36,42,2.5
196,42,5.0
157,42,2.7
116,42,5.0
97,42,5.0
62,42,4.1
197,42,4.8
94,42,4.2
126,42,3.5
130,42,2.0
103,42,4.2
142,42,4.5
18,42,2.4
195,42,4.1
71,42,3.3
112,42,3.5
84,42,5.0
79,42,3.4
49,42,4.3
187,42,5.0
41,42,4.8
70,42,5.0
32,42,5.0
68,42,5.0
166,42,3.6
169,42,5.0
5,42,5.0
57,42,5.0
56,42,4.4
43,43,3.8
157,43,3.6
164,43,4.4
91,43,3.4
2,43,2.9
187,43,4.6
4,43,4.4
94,43,4.0
107,43,5.0
193,43,4.8
140,43,4.8
72,43,5.0
148,43,5.0
190,43,5.0
95,43,5.0
22,43,5.0
89,43,5.0
143,43,4.2
83,43,5.0
138,43,5.0
63,43,1.0
60,43,4.9
114,43,5.0
180,43,5.0
68,43,5.0
46,44,5.0
39,44,5.0
183,44,5.0
121,44,1.4
130,44,5.0
43,44,3.6
161,44,5.0
36,44,5.0
150,44,3.4
5,44,5.0
47,44,4.8
119,44,1.6
200,44,5.0
56,44,5.0
88,44,3.4
66,44,4.8
136,44,4.9
49,44,4.1
143,44,4.3
80,44,3.9
14,44,2.6
67,44,5.0
131,44,5.0
160,44,5.0
76,45,5.0
153,45,4.1
38,45,3.4
154,45,4.7
25,45,4.3
177,45,3.9
135,45,4.8
98,45,5.0
140,45,4.1
74,45,4.6
176,45,3.9
23,45,4.6
164,45,4.8
137,45,2.6
67,45,4.9
59,45,5.0
115,45,5.0
30,45,5.0
122,45,5.0
130,45,3.8
144,45,3.4
87,45,5.0
39,45,5.0
149,45,3.6
100,45,1.4
83,45,3.4
50,45,5.0
110,45,4.4
43,45,5.0
101,45,5.0
172,45,4.6
16,45,5.0
157,45,5.0
32,45,3.6
87,46,3.4
113,46,4.7
65,46,5.0
31,46,5.0
6,46,4.6
166,46,3.2
83,46,4.7
94,46,3.2
35,46,5.0
41,46,2.4
11,46,5.0
197,46,4.2
147,46,5.0
145,46,5.0
198,46,5.0
109,46,4.3
98,46,3.4
150,46,5.0
23,46,4.6
106,46,5.0
74,46,5.0
170,46,5.0
30,46,5.0
84,46,4.0
180,46,3.4
46,46,3.3
177,47,3.0
130,47,4.0
104,47,4.5
181,47,5.0
59,47,4.3
25,47,3.0
127,47,4.9
41,47,3.8
83,47,5.0
63,47,4.0
169,47,4.0
24,47,5.0
70,47,5.0
170,47,3.1
196,47,3.7
136,47,5.0
151,47,5.0
96,47,5.0
46,47,3.9
95,47,5.0
17,47,2.3
175,47,4.5
158,47,4.1
103,47,5.0
193,47,4.5
94,47,5.0
192,47,3.0
66,47,2.1
186,47,2.4
200,47,5.0
119,47,2.2
55,47,3.3
157,48,2.8
152,48,5.0
141,48,3.3
103,48,5.0
56,48,5.0
169,48,4.9
148,48,3.3
59,48,3.8
28,48,5.0
89,48,5.0
15,48,2.5
94,48,4.4
32,48,5.0
43,48,4.0
126,48,3.6
105,48,3.2
30,48,5.0
122,48,5.0
34,48,4.8
57,48,5.0
2,48,3.5
42,48,4.1
181,48,5.0
193,48,4.5
196,48,3.6
92,48,4.4
41,48,5.0
84,48,4.3
107,48,4.4
22,48,4.9
139,48,4.2
109,48,1.9
49,48,2.6
70,48,3.2
31,48,4.4
143,48,3.6
125,48,5.0
38,48,2.9
132,49,3.3
45,49,5.0
110,49,5.0
94,49,2.8
3,49,5.0
10,49,4.4
68,49,5.0
24,49,5.0
73,49,5.0
11,49,5.0
55,49,3.4
2,49,2.8
136,49,5.0
191,49,1.9
171,49,5.0
97,49,5.0
29,49,1.0
145,49,3.7
89,49,5.0
49,49,2.0
108,49,4.8
186,49,2.5
42,49,2.9
7,49,5.0
50,49,4.6
164,49,5.0
181,49,4.8
155,49,1.9
91,49,2.2
200,49,5.0
95,49,5.0
154,49,4.0
149,49,4.7
41,49,5.0
43,49,5.0
188,49,3.7
1,49,2.3
137,50,4.6
29,50,5.0
184,50,5.0
113,50,4.4
61,50,3.8
160,50,5.0
118,50,3.8
185,50,4.0
149,50,5.0
129,50,5.0
169,50,5.0
93,50,4.4
12,50,2.5
9,50,1.0
176,50,3.1
28,50,2.0
186,50,4.4
152,50,4.0
143,50,1.0
200,50,5.0
177,50,2.4
82,50,5.0
100,50,4.9
189,50,4.5
1,50,1.0
42,50,4.1
124,51,4.5
164,51,5.0
82,51,4.2
40,51,5.0
88,51,1.6
92,51,5.0
127,51,4.4
160,51,4.5
169,51,2.7
131,51,5.0
10,51,1.0
81,51,5.0
190,51,1.9
138,51,2.7
185,51,2.7
134,51,3.6
46,51,5.0
130,51,5.0
111,51,3.5
73,51,5.0
4,51,4.9
3,51,4.2
151,51,5.0
133,51,5.0
32,51,4.8
90,51,2.8
78,51,4.2
34,51,5.0
96,51,3.0
69,51,1.7
177,51,3.5
76,51,5.0
14,51,5.0
173,51,3.3
57,52,5.0
31,52,5.0
107,52,3.3
89,52,5.0
171,52,4.8
1,52,5.0
198,52,5.0
104,52,5.0
199,52,5.0
22,52,5.0
172,52,5.0
52,52,1.3
64,52,2.2
162,52,5.0
42,52,5.0
121,52,5.0
174,52,3.3
70,52,1.7
160,52,4.0
90,52,5.0
110,52,4.1
143,52,2.1
167,52,4.6
195,52,5.0
69,52,5.0
66,52,5.0
144,53,4.8
73,53,2.7
49,53,3.4
114,53,4.1
53,53,4.1
81,53,4.0
196,53,5.0
66,53,5.0
141,53,4.7
153,53,5.0
60,53,5.0
125,53,4.2
163,53,5.0
4,53,3.0
3,53,5.0
97,53,4.5
162,53,2.4
93,53,4.8
11,53,4.4
150,53,5.0
20,53,5.0
51,53,3.7
170,54,4.9
57,54,1.7
175,54,4.7
161,54,5.0
181,54,5.0
140,54,5.0
93,54,1.9
72,54,3.4
23,54,5.0
92,54,5.0
146,54,5.0
68,54,4.5
189,54,4.3
27,54,5.0
200,54,4.2
141,54,1.1
36,54,4.8
2,54,4.5
50,54,3.5
24,54,2.5
174,54,5.0
87,54,4.8
7,54,5.0
198,54,5.0
122,54,2.2
28,54,3.5
41,54,4.7
115,54,5.0
51,54,2.4
47,54,5.0
173,54,4.4
107,54,4.4
119,54,4.4
157,54,3.3
14,55,5.0
44,55,5.0
111,55,3.5
154,55,3.0
163,55,5.0
12,55,5.0
137,55,5.0
183,55,4.7
60,55,5.0
200,55,5.0
136,55,3.2
141,55,4.3
68,55,4.0
166,55,2.9
144,55,4.0
127,55,5.0
24,55,5.0
176,55,5.0
65,55,4.9
29,55,5.0
73,55,4.2
54,55,3.7
80,55,5.0
49,55,4.6
139,55,5.0
109,55,4.3
143,55,2.9
26,55,5.0
99,55,5.0
91,55,4.6
63,55,4.1
102,55,4.2
199,55,3.5
3,55,5.0
156,55,1.0
192,56,2.3
61,56,1.7
25,56,5.0
89,56,4.9
136,56,3.9
99,56,1.9
148,56,5.0
17,56,5.0
35,56,5.0
128,56,3.9
85,56,5.0
59,56,2.7
27,56,5.0
72,56,4.6
64,56,1.8
197,56,3.7
103,56,5.0
146,56,4.0
132,56,3.3
41,56,3.2
12,56,5.0
98,56,3.5
32,56,2.0
162,57,3.8
24,57,4.7
142,57,2.0
130,57,4.7
199,57,3.9
56,57,5.0
41,57,5.0
74,57,4.4
97,57,5.0
93,57,5.0
134,57,5.0
98,57,5.0
184,57,2.3
171,57,4.8
83,57,2.8
25,57,4.4
128,57,5.0
176,57,5.0
152,57,5.0
5,57,5.0
180,57,3.0
68,57,1.0
6,57,4.9
62,57,4.4
84,57,3.9
109,57,1.9
26,57,3.8
147,57,4.4
116,57,5.0
102,57,5.0
163,57,5.0
125,57,2.6
33,57,5.0
136,58,5.0
11,58,3.1
162,58,4.6
155,58,4.1
156,58,3.8
3,58,5.0
83,58,3.3
193,58,5.0
127,58,2.3
160,58,5.0
69,58,5.0
115,58,1.0
175,58,4.6
27,58,5.0
184,58,5.0
185,58,5.0
149,58,3.6
169,58,3.2
129,58,5.0
9,58,5.0
93,58,5.0
35,58,5.0
114,58,4.9
82,58,1.4
135,58,5.0
19,58,5.0
5,58,3.7
120,58,4.7
70,58,2.9
61,58,5.0
200,58,5.0
171,58,4.8
12,58,5.0
85,59,5.0
141,59,3.2
41,59,5.0
150,59,5.0
69,59,1.0
172,59,5.0
55,59,4.8
7,59,5.0
122,59,5.0
70,59,3.5
5,59,5.0
180,59,2.5
8,59,5.0
65,59,5.0
116,59,3.2
43,59,3.6
132,59,2.6
61,59,4.6
108,59,2.9
140,59,5.0
82,59,5.0
173,59,5.0
73,59,2.7
53,59,5.0
47,59,5.0
142,59,5.0
119,59,5.0
104,59,5.0
104,60,5.0
38,60,4.9
98,60,5.0
57,60,5.0
119,60,5.0
31,60,4.4
171,60,5.0
53,60,3.3
129,60,4.0
164,60,3.4
48,60,5.0
64,60,3.2
124,60,4.1
122,60,5.0
80,60,4.6
148,60,4.8
110,60,5.0
76,60,3.5
51,60,4.5
128,60,3.8
186,60,5.0
81,60,5.0
60,60,3.6
200,60,5.0
103,60,5.0
140,60,1.3
154,60,5.0
127,60,3.4
5,60,5.0
86,60,5.0
144,60,2.8
36,61,3.1
49,61,5.0
176,61,5.0
29,61,2.9
162,61,4.1
193,61,5.0
65,61,5.0
186,61,2.9
47,61,4.0
191,61,3.3
98,61,5.0
185,61,3.4
68,61,3.4
126,61,4.0
138,61,5.0
146,61,5.0
189,61,3.8
131,61,5.0
57,61,5.0
161,61,2.7
181,61,4.7
71,61,4.1
147,61,4.0
84,62,3.1
158,62,5.0
138,62,4.7
43,62,2.2
155,62,3.9
196,62,4.9
42,62,5.0
117,62,3.5
182,62,5.0
166,62,5.0
148,62,4.3
147,62,2.1
154,62,5.0
52,62,5.0
124,62,5.0
64,62,4.6
170,62,1.7
109,62,5.0
76,62,5.0
198,62,3.0
53,62,5.0
145,62,5.0
83,62,2.8
75,62,4.3
24,62,2.8
107,62,4.4
155,63,4.9
53,63,3.7
93,63,5.0
166,63,2.1
8,63,5.0
152,63,5.0
54,63,3.0
73,63,3.2
3,63,4.4
137,63,5.0
29,63,4.0
129,63,5.0
200,63,5.0
83,63,2.5
184,63,2.3
96,63,4.1
27,63,4.9
188,63,4.2
30,63,5.0
151,63,4.7
107,63,4.5
49,64,5.0
86,64,5.0
118,64,3.5
46,64,4.9
71,64,4.1
64,64,3.4
175,64,3.3
127,64,5.0
48,64,5.0
96,64,5.0
103,64,5.0
116,64,3.9
23,64,5.0
132,64,2.3
98,64,3.0
12,64,1.9
40,64,4.5
141,64,3.7
1,64,5.0
125,64,4.6
101,64,3.4
10,64,2.9
90,64,4.3
62,64,2.0
200,64,4.2
75,64,3.7
106,64,5.0
177,64,4.3
99,64,5.0
22,64,2.0
89,64,5.0
121,64,5.0
172,64,1.7
35,64,4.1
17,64,5.0
195,64,5.0
39,64,4.9
36,64,3.7
156,64,2.8
126,65,3.9
10,65,1.7
129,65,4.4
140,65,5.0
165,65,2.7
191,65,3.7
80,65,4.5
175,65,3.4
162,65,3.7
2,65,4.9
195,65,5.0
160,65,5.0
62,65,3.7
166,65,5.0
171,65,1.9
181,65,5.0
95,65,3.7
147,65,4.6
139,65,5.0
193,65,2.3
57,65,5.0
105,66,3.5
69,66,4.9
187,66,4.5
49,66,5.0
141,66,3.1
35,66,5.0
189,66,3.4
197,66,5.0
186,66,4.0
11,66,5.0
1,66,3.5
29,66,4.6
125,66,3.8
154,66,3.9
33,66,4.4
2,66,4.7
14,66,3.2
103,66,5.0
57,66,5.0
100,66,2.3
67,66,5.0
16,66,5.0
168,66,5.0
174,66,4.8
108,66,1.0
20,66,5.0
93,66,4.6
106,66,4.9
147,66,5.0
75,66,5.0
149,66,3.9
166,66,3.9
184,66,3.9
109,66,2.9
32,66,3.6
133,66,2.4
36,66,4.8
164,66,5.0
44,67,4.3
154,67,2.4
199,67,3.6
70,67,4.4
155,67,5.0
41,67,5.0
116,67,4.1
62,67,5.0
193,67,4.9
117,67,3.6
145,67,5.0
11,67,5.0
164,67,4.4
86,67,5.0
97,67,3.3
107,67,3.7
163,67,4.7
187,67,5.0
195,67,5.0
100,67,4.5
114,67,5.0
38,67,4.7
156,67,5.0
141,67,5.0
110,67,5.0
82,67,4.4
22,67,2.8
16,67,5.0
25,67,4.6
119,67,3.9
115,67,5.0
130,67,2.8
159,67,3.6
173,67,5.0
188,67,5.0
85,67,4.8
81,67,5.0
17,67,5.0
37,67,2.9
167,68,4.2
165,68,4.0
49,68,5.0
36,68,4.3
92,68,4.8
28,68,5.0
12,68,2.3
37,68,5.0
71,68,5.0
27,68,5.0
152,68,5.0
33,68,1.4
138,68,3.9
119,68,2.9
26,68,5.0
139,68,3.5
39,68,5.0
89,68,4.4
44,68,4.0
132,68,4.3
166,68,4.3
149,68,3.1
129,68,5.0
112,69,3.9
120,69,5.0
76,69,5.0
88,69,4.6
52,69,5.0
178,69,3.8
128,69,5.0
189,69,5.0
144,69,5.0
5,69,1.6
58,69,3.9
182,69,5.0
54,69,3.6
165,69,5.0
22,69,5.0
14,69,2.6
109,69,4.5
153,69,4.4
177,69,3.7
158,69,4.2
61,69,5.0
170,69,5.0
175,69,2.6
86,69,1.8
90,69,4.5
163,69,2.4
111,70,2.7
4,70,2.5
86,70,3.6
150,70,3.1
56,70,5.0
172,70,4.6
164,70,2.7
32,70,4.7
163,70,1.0
96,70,4.7
154,70,5.0
128,70,3.8
55,70,3.0
147,70,5.0
200,70,5.0
174,70,5.0
149,70,3.5
43,70,3.7
165,70,4.4
119,70,3.1
159,70,3.8
36,70,2.6
161,70,5.0
116,70,3.3
157,70,4.4
192,70,5.0
57,70,5.0
139,70,5.0
156,70,1.7
181,70,5.0
1,70,5.0
25,70,4.5
133,70,4.6
91,70,2.8
66,70,5.0
94,70,5.0
153,70,4.6
168,70,5.0
134,70,5.0
80,71,5.0
39,71,5.0
91,71,5.0
24,71,5.0
125,71,2.7
115,71,3.6
134,71,5.0
74,71,5.0
84,71,5.0
161,71,4.3
96,71,3.9
95,71,5.0
141,71,3.3
143,71,1.7
154,71,5.0
70,71,4.5
98,71,4.4
72,71,5.0
45,71,3.2
93,71,5.0
181,72,4.4
184,72,5.0
49,72,1.4
16,72,5.0
14,72,2.9
134,72,4.4
66,72,3.4
52,72,2.9
43,72,5.0
119,72,4.7
2,72,3.6
35,72,5.0
121,72,5.0
154,72,5.0
65,72,4.6
110,72,5.0
109,72,5.0
118,72,4.8
88,72,4.8
189,72,4.7
103,72,5.0
27,72,5.0
44,72,5.0
169,72,3.5
79,72,3.1
36,72,3.1
150,72,5.0
118,73,4.1
114,73,5.0
67,73,5.0
1,73,5.0
64,73,4.1
97,73,5.0
188,73,4.7
198,73,3.5
60,73,5.0
161,73,5.0
29,73,5.0
50,73,5.0
32,73,5.0
102,73,2.0
6,73,2.9
120,73,5.0
181,73,3.3
189,73,2.9
79,73,3.9
87,73,4.4
129,73,5.0
8,73,4.8
175,73,5.0
92,73,5.0
28,74,4.1
44,74,1.5
163,74,4.6
27,74,3.9
33,74,3.4
23,74,1.9
68,74,5.0
103,74,3.5
171,74,2.1
192,74,3.3
15,74,5.0
183,74,3.7
122,74,4.9
113,74,5.0
170,74,4.2
184,74,5.0
45,74,4.3
195,74,4.7
117,74,5.0
169,74,5.0
31,74,5.0
110,74,5.0
14,74,1.0
46,74,5.0
165,74,5.0
139,74,5.0
29,74,3.7
21,74,4.4
136,74,5.0
26,74,5.0
107,74,5.0
135,74,5.0
2,74,3.7
181,74,5.0
187,74,5.0
17,74,5.0
96,74,3.5
4,74,4.5
73,75,5.0
88,75,3.0
138,75,4.1
3,75,4.5
103,75,3.7
166,75,5.0
134,75,5.0
84,75,3.8
55,75,1.5
171,75,5.0
173,75,1.7
49,75,4.3
66,75,4.8
174,75,5.0
81,75,5.0
2,75,3.0
43,75,5.0
54,75,3.8
113,75,4.7
104,75,4.8
26,75,5.0
70,76,4.3
158,76,2.4
26,76,5.0
177,76,4.8
167,76,5.0
135,76,5.0
144,76,1.0
171,76,5.0
159,76,2.0
41,76,2.2
99,76,1.4
169,76,1.9
176,76,5.0
84,76,4.3
33,76,1.9
38,76,4.7
165,76,3.0
127,76,5.0
36,76,5.0
42,76,3.7
97,76,5.0
12,76,5.0
95,76,5.0
85,76,5.0
73,77,4.5
141,77,3.9
134,77,5.0
85,77,4.3
44,77,3.4
2,77,5.0
179,77,1.1
108,77,5.0
27,77,5.0
142,77,4.2
82,77,4.9
62,77,5.0
171,77,4.5
35,77,5.0
164,77,5.0
11,77,5.0
65,77,2.9
38,77,5.0
196,77,2.8
128,77,3.6
167,77,4.2
46,77,4.4
188,77,5.0
81,77,4.8
114,77,5.0
56,77,5.0
42,77,5.0
110,77,5.0
162,77,2.6
59,77,4.5
20,78,5.0
151,78,5.0
198,78,2.5
116,78,3.5
52,78,2.4
78,78,5.0
22,78,1.0
170,78,3.8
142,78,1.0
58,78,3.5
186,78,3.3
101,78,5.0
126,78,4.3
30,78,3.5
200,78,5.0
72,78,4.5
114,78,5.0
62,78,2.9
128,78,3.7
133,78,4.0
7,79,5.0
108,79,3.9
65,79,1.0
157,79,2.3
121,79,5.0
176,79,5.0
197,79,3.8
12,79,1.5
109,79,5.0
74,79,4.0
169,79,3.1
110,79,3.7
162,79,5.0
86,79,4.6
13,79,5.0
18,79,5.0
140,79,3.6
49,79,4.1
2,79,3.7
75,79,2.9
56,79,4.4
152,79,5.0
113,79,4.6
106,79,4.3
130,79,4.6
40,79,4.0
198,79,5.0
32,79,5.0
41,79,4.1
137,79,5.0
97,79,3.6
168,79,4.4
22,80,4.8
71,80,3.1
7,80,4.6
90,80,5.0
160,80,5.0
86,80,4.3
35,80,5.0
5,80,3.7
106,80,1.1
11,80,5.0
100,80,5.0
61,80,4.8
43,80,4.2
92,80,5.0
127,80,5.0
124,80,3.4
118,80,4.2
114,80,5.0
15,80,5.0
183,80,4.0
25,80,4.1
108,80,4.1
65,80,5.0
156,80,4.4
145,80,5.0
176,80,3.6
159,80,5.0
19,80,5.0
82,80,4.3
68,80,5.0
24,80,5.0
52,81,4.7
129,81,5.0
122,81,5.0
79,81,4.0
96,81,5.0
15,81,5.0
123,81,5.0
81,81,5.0
84,81,2.5
67,81,5.0
12,81,4.2
99,81,3.0
103,81,2.8
38,81,2.3
26,81,5.0
126,81,2.9
101,81,4.0
85,81,5.0
198,81,3.7
11,81,5.0
33,81,3.3
66,81,5.0
24,81,4.9
149,81,3.7
155,81,3.1
105,81,5.0
87,81,5.0
32,81,4.1
149,82,2.8
61,82,4.2
38,82,3.9
166,82,5.0
56,82,5.0
176,82,4.7
47,82,5.0
32,82,3.0
193,82,5.0
83,82,4.9
178,82,3.2
77,82,3.8
72,82,3.1
35,82,3.2
189,82,1.0
115,82,4.4
94,82,4.1
41,82,4.9
162,82,5.0
163,82,1.8
69,82,4.1
111,83,5.0
181,83,3.5
147,83,5.0
27,83,4.6
121,83,4.2
170,83,5.0
184,83,4.9
187,83,5.0
8,83,5.0
25,83,4.6
152,83,5.0
39,83,5.0
57,83,3.5
108,83,5.0
153,83,4.6
194,83,3.3
141,83,5.0
133,83,4.3
91,83,5.0
48,83,5.0
168,83,3.7
19,83,5.0
46,83,4.3
85,83,4.8
187,84,5.0
41,84,3.2
7,84,5.0
165,84,5.0
61,84,1.7
94,84,3.6
39,84,5.0
170,84,4.6
75,84,3.4
72,84,5.0
190,84,2.4
106,84,3.1
102,84,3.8
97,84,5.0
40,84,2.7
161,84,2.3
3,84,5.0
66,84,5.0
184,84,4.5
122,84,5.0
76,84,2.8
100,84,4.3
111,84,4.7
191,84,5.0
22,84,5.0
71,84,3.6
132,84,1.8
195,84,5.0
140,85,4.5
100,85,3.8
65,85,4.6
61,85,4.7
181,85,5.0
19,85,4.9
141,85,2.2
162,85,4.2
199,85,2.1
194,85,5.0
46,85,3.2
79,85,5.0
151,85,5.0
165,85,3.6
192,85,2.8
163,85,5.0
14,85,5.0
143,85,1.6
67,85,5.0
188,85,5.0
84,85,5.0
27,85,3.3
6,85,2.6
114,85,3.3
53,85,2.6
85,85,5.0
144,85,5.0
128,85,3.2
99,85,3.2
76,85,2.7
166,85,5.0
169,85,3.8
142,85,3.2
42,85,1.6
29,85,5.0
110,85,5.0
125,85,4.3
189,85,5.0
53,86,3.3
33,86,4.9
105,86,3.0
61,86,3.7
113,86,3.8
63,86,3.7
126,86,2.5
2,86,3.0
145,86,5.0
110,86,2.8
195,86,5.0
54,86,5.0
106,86,2.4
99,86,4.3
151,86,3.5
34,86,5.0
132,86,3.4
78,86,5.0
95,86,5.0
192,86,5.0
157,86,5.0
27,86,3.5
80,86,5.0
41,86,4.6
56,86,5.0
1,87,4.9
135,87,2.4
37,87,4.4
52,87,5.0
180,87,5.0
47,87,5.0
188,87,4.7
7,87,3.8
62,87,5.0
173,87,5.0
74,87,5.0
58,87,4.5
183,87,5.0
148,87,5.0
140,87,4.9
87,87,3.2
108,87,3.6
13,87,5.0
165,87,2.3
174,87,4.5
49,87,4.8
27,87,5.0
116,87,5.0
114,87,5.0
69,87,1.5
1,88,5.0
111,88,4.8
165,88,5.0
59,88,5.0
91,88,2.2
164,88,4.8
192,88,5.0
36,88,5.0
119,88,4.6
42,88,5.0
191,88,4.8
123,88,3.5
89,88,3.2
25,88,3.9
61,88,3.2
50,88,4.2
162,88,5.0
200,88,3.5
178,88,3.3
24,88,4.5
78,88,2.0
38,88,3.2
194,88,5.0
150,88,4.6
21,88,5.0
6,88,5.0
45,88,5.0
35,88,5.0
113,88,5.0
156,88,3.9
8,88,5.0
11,88,5.0
77,88,5.0
129,88,5.0
84,88,5.0
22,88,5.0
142,88,4.0
32,88,5.0
152,89,4.9
63,89,3.6
176,89,5.0
92,89,1.6
147,89,4.6
38,89,5.0
23,89,5.0
113,89,3.7
15,89,4.3
117,89,5.0
181,89,4.2
36,89,4.9
192,89,3.9
26,89,3.4
136,89,5.0
2,89,5.0
112,89,1.9
188,89,4.4
162,89,5.0
165,89,4.5
19,89,4.6
39,89,5.0
104,89,4.9
161,89,4.4
135,90,4.6
5,90,4.6
142,90,2.1
24,90,1.4
146,90,2.4
198,90,5.0
42,90,4.0
12,90,5.0
9,90,2.4
192,90,4.4
108,90,2.1
164,90,4.8
29,90,2.4
133,90,4.8
105,90,4.3
104,90,4.1
48,90,1.0
64,90,5.0
143,90,2.8
176,90,3.5
112,90,5.0
166,90,5.0
98,90,4.0
53,90,5.0
68,90,3.6
45,91,5.0
136,91,5.0
198,91,4.7
64,91,5.0
40,91,3.8
92,91,4.4
111,91,5.0
173,91,3.1
24,91,5.0
124,91,4.5
15,91,4.7
176,91,5.0
189,91,4.8
123,91,3.7
29,91,2.8
113,91,4.8
39,91,4.9
75,91,3.4
171,91,2.4
31,91,5.0
58,91,5.0
133,91,5.0
159,91,4.2
188,91,5.0
148,91,3.1
105,91,1.1
107,91,3.4
182,91,4.6
163,91,5.0
85,91,5.0
47,91,5.0
39,92,5.0
86,92,1.5
120,92,5.0
28,92,3.1
138,92,5.0
67,92,5.0
122,92,3.1
121,92,4.8
87,92,5.0
61,92,3.9
2,92,4.4
145,92,4.7
129,92,5.0
148,92,5.0
137,92,5.0
31,92,4.7
124,92,3.1
53,92,5.0
168,92,5.0
164,92,3.9
64,92,4.6
173,92,5.0
65,92,5.0
189,92,4.0
75,92,3.4
181,92,5.0
69,92,5.0
177,92,4.3
6,92,3.6
43,92,4.8
107,92,1.8
32,92,5.0
41,93,5.0
190,93,1.0
62,93,4.1
198,93,5.0
34,93,4.1
171,93,3.9
51,93,5.0
28,93,5.0
170,93,5.0
69,93,5.0
26,93,1.6
99,93,3.2
147,93,4.0
123,93,3.8
162,93,3.7
169,93,1.2
44,93,5.0
117,93,5.0
79,93,5.0
8,93,3.7
74,93,4.1
161,93,1.0
160,93,4.8
57,93,5.0
146,93,3.6
179,93,5.0
39,93,5.0
174,93,4.4
68,93,2.7
101,93,5.0
112,93,1.7
72,93,5.0
23,93,5.0
18,93,5.0
167,94,3.2
54,94,4.8
59,94,4.5
168,94,3.3
187,94,5.0
38,94,5.0
18,94,2.8
164,94,3.2
52,94,4.8
60,94,4.1
63,94,3.5
15,94,5.0
174,94,5.0
43,94,3.8
110,94,5.0
65,94,3.6
107,94,5.0
104,94,5.0
160,94,5.0
159,94,3.6
131,94,4.0
124,94,1.2
152,94,5.0
169,94,5.0
22,94,1.5
62,94,5.0
121,94,5.0
165,94,5.0
178,94,4.4
58,94,5.0
196,94,4.2
53,94,4.1
45,94,5.0
140,94,4.6
93,95,5.0
166,95,4.3
129,95,4.7
144,95,3.9
118,95,5.0
92,95,4.3
125,95,3.0
14,95,2.6
112,95,5.0
162,95,1.9
9,95,3.6
95,95,5.0
178,95,5.0
2,95,4.5
44,95,5.0
173,95,4.6
34,95,3.6
192,95,4.3
149,95,3.0
123,95,5.0
191,95,5.0
64,95,5.0
119,95,5.0
165,95,4.1
23,96,3.5
73,96,4.2
55,96,4.4
103,96,5.0
86,96,5.0
8,96,4.1
182,96,2.9
189,96,1.2
163,96,5.0
112,96,3.3
187,96,5.0
58,96,5.0
118,96,1.8
106,96,5.0
61,96,4.0
72,96,2.8
4,96,3.8
122,96,4.3
120,96,5.0
158,96,4.0
48,96,1.5
75,96,4.6
34,96,2.7
20,96,5.0
24,96,3.1
46,96,4.2
144,96,4.8
151,96,4.6
79,96,5.0
198,96,5.0
51,96,3.2
154,96,5.0
173,96,1.0
199,97,2.6
175,97,4.0
40,97,5.0
138,97,2.0
197,97,2.9
58,97,5.0
77,97,1.0
64,97,4.3
158,97,5.0
173,97,5.0
117,97,5.0
149,97,5.0
176,97,4.5
181,97,3.7
190,97,5.0
133,97,4.8
187,97,2.9
161,97,5.0
112,97,4.4
178,97,5.0
164,97,1.0
11,97,1.7
5,97,5.0
96,97,3.7
195,97,4.3
44,97,5.0
110,97,4.2
74,97,5.0
185,97,3.8
192,97,5.0
183,97,1.6
168,97,3.4
90,97,5.0
118,97,2.9
113,97,4.9
163,97,5.0
89,97,4.9
125,97,5.0
131,97,5.0
122,98,4.4
10,98,5.0
39,98,5.0
159,98,3.1
107,98,5.0
96,98,3.7
40,98,3.6
69,98,3.4
70,98,4.6
12,98,2.9
133,98,5.0
8,98,3.6
145,98,3.3
43,98,4.0
120,98,5.0
14,98,4.2
171,98,5.0
181,98,3.8
118,98,5.0
169,98,5.0
16,98,4.3
131,98,2.2
151,98,2.3
166,99,4.4
180,99,5.0
14,99,1.8
59,99,5.0
91,99,2.8
72,99,3.2
174,99,4.2
67,99,5.0
12,99,2.7
30,99,5.0
165,99,1.5
137,99,5.0
154,99,3.5
103,99,4.5
185,99,5.0
89,99,3.2
113,99,4.6
149,99,3.1
156,99,4.9
80,99,5.0
66,99,5.0
112,99,5.0
136,99,4.0
160,99,5.0
146,99,5.0
76,99,4.8
92,99,3.3
69,99,2.9
86,100,4.6
41,100,4.6
187,100,5.0
149,100,5.0
111,100,4.0
106,100,2.1
88,100,4.0
191,100,3.0
6,100,3.7
45,100,4.7
141,100,5.0
108,100,5.0
129,100,4.4
100,100,5.0
155,100,4.7
179,100,5.0
64,100,5.0
148,100,3.0
35,100,2.6
167,100,5.0
96,100,3.4
154,100,3.7
26,100,3.0
51,100,5.0
98,100,5.0
140,100,4.1
